several matryoshka dolls on shelf	[{'url': 'https://images.unsplash.com/photo-1526578410734-17a617547636?q=80&w=2304&auto=format&fit=crop&ixlib=rb-4.0.3&ixid=M3wxMjA3fDB8MHxwaG90by1wYWdlfHx8fGVufDB8fHx8fA%3D%3D', 'path': 'full/6808eefeeeb31b1853a1fab0fc8a40a64eb747ca.jpg', 'checksum': '170af259ffe920ed184a80f48922fc0b', 'status': 'downloaded'}]	Download this free HD photo of russia, art, paint, and design by Alina Grubnyak (@alinnnaaaa)	2018-05-17 17:34:03
grey and red flag	[{'url': 'https://images.unsplash.com/photo-1563451201592-10dd888363ad?q=80&w=4748&auto=format&fit=crop&ixlib=rb-4.0.3&ixid=M3wxMjA3fDB8MHxwaG90by1wYWdlfHx8fGVufDB8fHx8fA%3D%3D', 'path': 'full/c5b37549d085c34f3c6b47b941ff32925c156406.jpg', 'checksum': '8e4c5f3580eb0ca61a162d1b3f5900a7', 'status': 'downloaded'}]	Download this free HD photo of russia, moscow, gorky park, and flag in Moscow, Russia by Egor Filin (@sampowl)	2019-07-18 12:02:13
wheat field	[{'url': 'https://images.unsplash.com/photo-1536577722576-fcfdbcad17e9?q=80&w=3218&auto=format&fit=crop&ixlib=rb-4.0.3&ixid=M3wxMjA3fDB8MHxwaG90by1wYWdlfHx8fGVufDB8fHx8fA%3D%3D', 'path': 'full/c5393253ce22898d8f00d91985c0ed5e870fd0c3.jpg', 'checksum': '9404888bcae19be4d52a7cd508225be8', 'status': 'downloaded'}]	surely I will arrive here once again! it isn’t so difficult to find this field! but there isn’t a lot of people! from it it is even more pleasant to be here!	2018-09-10 11:13:19
landscape photography of trees	[{'url': 'https://images.unsplash.com/photo-1523509433743-6f42a58221df?q=80&w=3992&auto=format&fit=crop&ixlib=rb-4.0.3&ixid=M3wxMjA3fDB8MHxwaG90by1wYWdlfHx8fGVufDB8fHx8fA%3D%3D', 'path': 'full/6a08a5fbecb67b5d185a85218cff34c167fcb857.jpg', 'checksum': '5d296b8da5c3bdc1d9a710694d9a0131', 'status': 'downloaded'}]	Zhivopisny Bridge (Picturesque bridge)	2018-04-12 05:05:34
Saint Basil Cathedral, Russia	[{'url': 'https://images.unsplash.com/photo-1512495039889-52a3b799c9bc?q=80&w=3993&auto=format&fit=crop&ixlib=rb-4.0.3&ixid=M3wxMjA3fDB8MHxwaG90by1wYWdlfHx8fGVufDB8fHx8fA%3D%3D', 'path': 'full/fdba0f0a08c42ea9ca40221a15801724edcf49e6.jpg', 'checksum': '70bacf03b1129633110b3ebaf134e59e', 'status': 'downloaded'}]	Red square	2017-12-05 17:31:44
green grass field near green trees and mountains during daytime	[{'url': 'https://images.unsplash.com/photo-1615128216846-99c52541bf92?q=80&w=3000&auto=format&fit=crop&ixlib=rb-4.0.3&ixid=M3wxMjA3fDB8MHxwaG90by1wYWdlfHx8fGVufDB8fHx8fA%3D%3D', 'path': 'full/1c1a4b775757527332f0d1887f883cf2e7155290.jpg', 'checksum': '4a8eb9f43bf2f5c4d15f952ffc11eceb', 'status': 'downloaded'}]	A path through a field towards a snowy mountain ridge during summer day.	2021-03-07 14:43:49
brown and gray concrete building during daytime	[{'url': 'https://images.unsplash.com/photo-1547448415-e9f5b28e570d?q=80&w=5184&auto=format&fit=crop&ixlib=rb-4.0.3&ixid=M3wxMjA3fDB8MHxwaG90by1wYWdlfHx8fGVufDB8fHx8fA%3D%3D', 'path': 'full/d622c71fbe131d5280da4b492f30e69e81108cfe.jpg', 'checksum': 'e113100881fc87b63338e4e674ce27b2', 'status': 'downloaded'}]	Finally froze while looking for this shot, but it was worth it.	2019-01-14 07:02:44
white and grey concrete tower	[{'url': 'https://images.unsplash.com/photo-1523509080324-9183f313dc50?q=80&w=3000&auto=format&fit=crop&ixlib=rb-4.0.3&ixid=M3wxMjA3fDB8MHxwaG90by1wYWdlfHx8fGVufDB8fHx8fA%3D%3D', 'path': 'full/a65c336e2d87fb03ff99b2ba6f3bbe99093e5f36.jpg', 'checksum': '761fb47503d0d0b5a338fffd5b7ae3d4', 'status': 'downloaded'}]	Moscow State University	2018-04-12 04:59:21
horse with carriage running beside building	[{'url': 'https://images.unsplash.com/photo-1554844344-c34ea04258c4?q=80&w=2240&auto=format&fit=crop&ixlib=rb-4.0.3&ixid=M3wxMjA3fDB8MHxwaG90by1wYWdlfHx8fGVufDB8fHx8fA%3D%3D', 'path': 'full/eb02b38b11ebf70c5b77f50f9d9c806849261878.jpg', 'checksum': '6b17150a4e54d78de67ad05b700ec576', 'status': 'downloaded'}]	Original: https://www.dropbox.com/s/uz4e56mzl939k13/winter_palace.jpeg?dl=0	2019-04-09 21:13:02
a very tall building with a clock on it's side	[{'url': 'https://images.unsplash.com/photo-1563166796-befbbd534d1b?q=80&w=6000&auto=format&fit=crop&ixlib=rb-4.0.3&ixid=M3wxMjA3fDB8MHxwaG90by1wYWdlfHx8fGVufDB8fHx8fA%3D%3D', 'path': 'full/cbddd3a5be216d980b43f5f9b8d796dd8684fbc8.jpg', 'checksum': 'e019fd88bfe9475ff5fef93699a1d08b', 'status': 'downloaded'}]	St. Basil's Cathedral. This was taken during my first night in Moscow. Decided to take a stroll down the Red Square to see all the sights. 	2019-07-15 05:01:11
green trees beside body of water under blue sky during daytime	[{'url': 'https://images.unsplash.com/photo-1587451152235-05466c2fc532?q=80&w=4896&auto=format&fit=crop&ixlib=rb-4.0.3&ixid=M3wxMjA3fDB8MHxwaG90by1wYWdlfHx8fGVufDB8fHx8fA%3D%3D', 'path': 'full/d2c07a34853bc40ec9e03441cefeddf493246be7.jpg', 'checksum': '1aaef946c9a4054c49f559e528e8c41f', 'status': 'downloaded'}]	Download this free HD photo of krasnoyarsk, russia, water, and outdoors in Krasnoyarsk, Russia by Alexander Awerin (@awerin)	2020-04-21 06:45:01
three flags hanging on a clothes rack in a room	[{'url': 'https://plus.unsplash.com/premium_photo-1674596362086-b741914637bb?q=80&w=4232&auto=format&fit=crop&ixlib=rb-4.0.3&ixid=M3wxMjA3fDB8MHxwaG90by1wYWdlfHx8fGVufDB8fHx8fA%3D%3D', 'path': 'full/38367b1edbf30df15d269f662f7db18a6779a5af.jpg', 'checksum': '54f2a523933e1641d1fa6b536b89bed3', 'status': 'downloaded'}]	Download this HD photo of countries, russia, flags, and union jack by Karolina Grabowska (@kaboompics)	2023-01-26 14:19:22
building beside body of waters	[{'url': 'https://images.unsplash.com/photo-1514813621023-7a1e3fca8c1b?q=80&w=5989&auto=format&fit=crop&ixlib=rb-4.0.3&ixid=M3wxMjA3fDB8MHxwaG90by1wYWdlfHx8fGVufDB8fHx8fA%3D%3D', 'path': 'full/221fd9d67cf291dc2d7302694d04d6e0617922d2.jpg', 'checksum': 'f60edf7f560553fc188db3e5942bd04a', 'status': 'downloaded'}]	Download this free HD photo of russia, moscow, building, and bridge in Moscow, Russia by Serge Kutuzov (@serge_k)	2018-01-01 13:35:22
Saint Basil's Cathedral, Moscow, Russia	[{'url': 'https://images.unsplash.com/photo-1513326738677-b964603b136d?q=80&w=4000&auto=format&fit=crop&ixlib=rb-4.0.3&ixid=M3wxMjA3fDB8MHxwaG90by1wYWdlfHx8fGVufDB8fHx8fA%3D%3D', 'path': 'full/67f9d0a5180db64373f0d7eefbbdcb3050640fbb.jpg', 'checksum': 'f878c67ad45aa1d35cfa7c11c46cb6a6', 'status': 'downloaded'}]	St. Basil’s Cathedral in Moscow	2017-12-15 08:33:55
a person walking in the snow with a backpack	[{'url': 'https://plus.unsplash.com/premium_photo-1670606250904-73af68302372?q=80&w=5450&auto=format&fit=crop&ixlib=rb-4.0.3&ixid=M3wxMjA3fDB8MHxwaG90by1wYWdlfHx8fGVufDB8fHx8fA%3D%3D', 'path': 'full/8a41271468ad2d8402a666e2feeeb2db6224cfc1.jpg', 'checksum': '9ac05a56f39228b090674518abbd5272', 'status': 'downloaded'}]	Portrait of a woman on a trail in a national park.	2022-12-13 06:08:15
people walking on street near brown and green building during daytime	[{'url': 'https://images.unsplash.com/photo-1580837119756-563d608dd119?q=80&w=7125&auto=format&fit=crop&ixlib=rb-4.0.3&ixid=M3wxMjA3fDB8MHxwaG90by1wYWdlfHx8fGVufDB8fHx8fA%3D%3D', 'path': 'full/700fbdacd83436365c7ea91d59317322abbce748.jpg', 'checksum': '9e42a7709790fe80f11a01663575e76a', 'status': 'downloaded'}]	Saint Basil's Cathedral. Church in Red Square in Moscow, Russia (nearby the Kremlin). The cathedral foreshadowed the climax of Russian national architecture in the 17th century.	2020-02-04 17:31:03
looking up at two skyscrapers from the ground	[{'url': 'https://plus.unsplash.com/premium_photo-1680366287071-f8ff28b9db13?q=80&w=3613&auto=format&fit=crop&ixlib=rb-4.0.3&ixid=M3wxMjA3fDB8MHxwaG90by1wYWdlfHx8fGVufDB8fHx8fA%3D%3D', 'path': 'full/4b7fab6dd9d0c4dc0a450903aeec6989f276a01d.jpg', 'checksum': '5b40d48efbf4cc2124d021acbc9107dc', 'status': 'downloaded'}]	Moscow City	2023-04-03 08:54:45
St. Basils Cathedral	[{'url': 'https://images.unsplash.com/photo-1520106212299-d99c443e4568?q=80&w=3665&auto=format&fit=crop&ixlib=rb-4.0.3&ixid=M3wxMjA3fDB8MHxwaG90by1wYWdlfHx8fGVufDB8fHx8fA%3D%3D', 'path': 'full/5ad4b80b455c7baecb4bf2b2bbf566250a9f0632.jpg', 'checksum': 'ea37f7a6ee99064d0e0139b11bcc6163', 'status': 'downloaded'}]	Saint Basil’s Cathedral	2018-03-03 19:47:50
a mountain covered in snow with trees in the foreground	[{'url': 'https://plus.unsplash.com/premium_photo-1668260981207-eb8a4e345876?q=80&w=6000&auto=format&fit=crop&ixlib=rb-4.0.3&ixid=M3wxMjA3fDB8MHxwaG90by1wYWdlfHx8fGVufDB8fHx8fA%3D%3D', 'path': 'full/060f6c1d77f9ee6dc8de0deb7800dabc7ef3d01a.jpg', 'checksum': '1d605d97b82c95bb8bd0041dca7a0504', 'status': 'downloaded'}]	snow-covered mountain scenery in cloudy weather	2022-11-14 16:48:33
a snowy landscape with trees	[{'url': 'https://plus.unsplash.com/premium_photo-1670422763797-52bccd0f1e83?q=80&w=5650&auto=format&fit=crop&ixlib=rb-4.0.3&ixid=M3wxMjA3fDB8MHxwaG90by1wYWdlfHx8fGVufDB8fHx8fA%3D%3D', 'path': 'full/504f794282ecd2e4686b646a974c303351cc7e7f.jpg', 'checksum': '73844f5a11ffba72ebb6f0b0cf5afb7b', 'status': 'downloaded'}]	Download this HD photo of nature beauty, winter, russia, and wallpaper by Mads Schmidt Rasmussen (@mvds)	2022-12-09 11:01:13
